Title,Original URL,Date
3 AM Anxiety in Islam – What to Do When You Cannot Sleep at Night,https://www.sabrandsukoon.online/2026/05/3-am-anxiety-in-islam-what-to-do-when.html,2026-05-11
5 Powerful Duas for Financial Anxiety,https://www.sabrandsukoon.online/2026/07/duas-for-financial-anxiety.html,2026-07-27
Guilt Spirals Vs. Al-Ghaffar: Why One Mistake Doesn't Define You,https://www.sabrandsukoon.online/2026/07/al-ghaffar-guilt-shame-muslim-women.html,2026-07-09
Al-Ghafur vs. Al-Ghaffar: The Difference Between Forgiveness and Forgiving Over and Over,https://www.sabrandsukoon.online/2026/07/al-ghafur-al-ghaffar-difference-forgiveness-muslim-women.html,2026-07-30
Catastrophizing Vs.Al-Hafiz: Why Worrying About Everyone You Love Doesn't Protect Them,https://www.sabrandsukoon.online/2026/08/al-hafiz-anxiety-safety-loved-ones-muslim-women.html,2026-08-06
Not Enough vs. Al-Karim: Why Generosity Was Never About Your Worth,https://www.sabrandsukoon.online/2026/08/al-karim-generosity-not-enough-muslim-women.html,2026-08-04
Feeling Unnoticed Vs. Al-Latif: Overlooked Mercies,https://www.sabrandsukoon.online/2026/07/al-latif-overlooked-mercies-muslim-women.html,2026-07-05
Feeling Left Behind Vs. Al-Muqaddim,https://www.sabrandsukoon.online/2026/07/al-muqaddim-dua-delay-muslim-women.html,2026-07-08
Al-Razzaq & Career Anxiety: Why Your Rizq Isn't Late,https://www.sabrandsukoon.online/2026/07/al-razzaq-career-anxiety-rizq-muslim-women.html,2026-07-02
Feeling Unlovable Vs. Al-Wadud: Allah's Love for You,https://www.sabrandsukoon.online/2026/07/al-wadud-self-worth-unloved-muslim-women.html,2026-07-04
Invisible vs. An-Nur: When You Feel Unseen by Everyone Except Allah,https://www.sabrandsukoon.online/2026/07/an-nur-feeling-unseen-muslim-women.html,2026-07-29
Impatience vs As-Sabur: Why Your Dua Isn't Being Ignored,https://www.sabrandsukoon.online/2026/07/as-sabur-impatience-dua-muslim-women.html,2026-08-22
Recovery Anxiety Vs. Ash-Shafi: Healing Uncertainty,https://www.sabrandsukoon.online/2026/07/ash-shafi-recovery-anxiety-muslim-women.html,2026-07-07
"Why Scrolling Makes You Feel Ugly: Islam's Answer to the Beauty Standard Trap""",https://www.sabrandsukoon.online/2026/06/beauty-standards-islam-scrolling-self-worth-muslim-women.html,2026-06-29
Busy vs. Lonely: Why You Can Be Surrounded by People and Still Feel Alone,https://www.sabrandsukoon.online/2026/08/busy-vs-lonely-why-you-can-be.html,2026-08-11
Cancel Culture vs. The Quran: What Happens When the Accused Are Truly Innocent,https://www.sabrandsukoon.online/2026/07/cancel-culture-vs-quran-false-accusations-kids.html,2026-07-24
Dates: The Sunnah Science Still Recommends,https://www.sabrandsukoon.online/2026/07/dates-sunnah-science-nutrition.html,2026-07-15
Digital Detox vs. Khushu: Why Your Mind Wanders in Salah,https://www.sabrandsukoon.online/2026/06/digital-detox-vs-khushu.html,2026-06-22
Finding Peace in Allah’s Plan – Sabr and Sukoon Series,https://www.sabrandsukoon.online/2025/08/finding-peace-in-allahs-plan-sabr-and.html,2025-08-10
Grudges vs. Al-Ghaffar: Why Holding On Hurts You More Than Them,https://www.sabrandsukoon.online/2026/07/forgiveness-in-islam-al-ghaffar-peace.html,2025-09-14
Quick Fix Vs. Sabr: Why Healing Takes Time,https://www.sabrandsukoon.online/2025/08/healing-takes-time-sabr-muslim-women.html,2025-08-06
Ignored vs. Al-Mujeeb: Why Silence After Dua Isn't the Same as No,https://www.sabrandsukoon.online/2026/08/ignored-vs-al-mujeeb-why-silence-after.html,2026-08-09
Jumu'ah: The Weekly Reset Sunnah Science Confirms,https://www.sabrandsukoon.online/2026/07/jumuah-weekly-reset-sunnah-science.html,2026-07-17
Love of Homeland in Islam: What Hubb-ul-Watan Really Means,https://www.sabrandsukoon.online/2026/08/love-of-homeland-in-islam-what-hubb-ul.html,2026-08-14
Meditation Apps vs. As-Salam: Why Your Calm Keeps Running Out,https://www.sabrandsukoon.online/2026/07/meditation-apps-vs-as-salam-real-peace.html,2026-07-22
Muharram 1448: Sacred Month Guide for Muslim Women,https://www.sabrandsukoon.online/2026/06/muharram-1448-sacred-month-guide-for.html,2026-06-17
Parents in Islam – Honor Them and Open the Gates of Jannah,https://www.sabrandsukoon.online/2025/09/parents-in-islam.html,2025-09-08
Are You a People Pleaser? Islam's Cure for Living for Others' Approval,https://www.sabrandsukoon.online/2026/06/people-pleasing-islam-cure-approval-seeking.html,2026-06-28
The Greatest Leader in Human History,https://www.sabrandsukoon.online/2025/09/title-prophet-muhammad-greatest-leader.html,2026-08-27
Influencers vs. Prophet Muhammad ﷺ: Who Should Muslim Youth Really Follow?,https://www.sabrandsukoon.online/2025/09/prophet-muhammad-role-model-for-muslim-youth.html,2026-08-27
How to Protect Your Kids From Bad Content Online: A Muslim Surfer Review,https://www.sabrandsukoon.online/2026/07/protect-kids-online-muslim-surfer-review.html,2026-07-23
Qailulah: The Prophetic Nap Science Confirms,https://www.sabrandsukoon.online/2026/07/qailulah-sunnah-nap-science.html,2026-07-13
Reacting Instantly vs. Al-Halim: What Allah's Forbearance Teaches About Your Temper,https://www.sabrandsukoon.online/2026/08/reacting-instantly-vs-al-halim.html,2026-08-07
Sabr vs Surrender — What Hussain R.A Teaches Modern Muslim Women,https://www.sabrandsukoon.online/2026/06/sabr-vs-surrender-hussain-ra-muslim-women.html,2026-06-26
Disappointment Vs. Surah Al-Baqarah 2:216,https://www.sabrandsukoon.online/2026/07/surah-al-baqarah-2-216-disappointment-mercy.html,2026-07-14
"Called ""Cut Off"" vs. Given Abundance: The Story Behind Surah Al-Kawthar",https://www.sabrandsukoon.online/2026/07/surah-al-kawthar-fazail-meaning.html,2026-07-25
Feeling Stuck Vs. Surah At-Talaq: The Way Out You Can't Yet See,https://www.sabrandsukoon.online/2026/07/surah-at-talaq-way-out-rizq-muslim-women.html,2026-07-12
Losing Hope Vs. Surah Yusuf 12:87,https://www.sabrandsukoon.online/2026/07/surah-yusuf-12-87-losing-hope-muslim-women.html,2026-07-16
Temporary Fixes vs. The Qur'an: Where Real Peace Actually Comes From,https://www.sabrandsukoon.online/2026/08/temporary-fixes-vs-quran-real-peace.html,2025-08-22
The Anatomy of Sujood: What Science Confirms About Salah's Physical Benefits,https://www.sabrandsukoon.online/2026/08/the-anatomy-of-sujood.html,2026-08-01
How to Find Peace in Islam — Practical Ways to Relieve Anxiety,https://www.sabrandsukoon.online/2025/09/the-islamic-way-of-dealing-with-stress.html,2025-09-01
"The Second Brain in Your Belly: What Islam Taught 1,400 Years Before Science Caught Up",https://www.sabrandsukoon.online/2026/07/the-second-brain-in-your-belly-islam-science.html,2026-07-21
Time Management in Islam – Balancing Deen and Dunya  ,https://www.sabrandsukoon.online/2025/08/title-time-management-in-islam.html,2025-08-30
Toxic Positivity vs. Alhamdulillah: Are We Allowed to Feel Sad in Islam?,https://www.sabrandsukoon.online/2026/06/toxic-positivity-vs-alhamdulillah.html,2026-06-23
True Shukr vs. Toxic Positivity: The Islamic View,https://www.sabrandsukoon.online/2026/06/true-shukr-vs-toxic-positivity-islamic.html,2026-06-19
Is It Your Heart Speaking — or Shaytan? Islam's Guide to Waswasa,https://www.sabrandsukoon.online/2026/06/waswasa-vs-intuition.html,2026-06-24
When You Don't Get What You Want: Al-Wahhab and the Wisdom of Divine Giving,https://www.sabrandsukoon.online/2026/08/when-you-dont-get-what-you-want-al.html,2026-08-05
"Your ""Aura"" vs. Your Ruh: What Islam Actually Says",https://www.sabrandsukoon.online/2026/08/your-aura-vs-your-ruh-what-islam.html,2026-08-03
